﻿<?xml version="1.0" encoding="utf-8"?>
<EmployeeList>
  <EmployeeModel>
    <Id>1</Id>
    <Name>TomUpdated</Name>
    <Surname>Johnson Updated</Surname>
    <Age>23</Age>
  </EmployeeModel>
  <EmployeeModel>
    <Id>2</Id>
    <Name>Bonnie</Name>
    <Surname>Tyler</Surname>
    <Age>32</Age>
  </EmployeeModel>
  <EmployeeModel>
    <Id>3</Id>
    <Name>Lesley</Name>
    <Surname>Workman</Surname>
    <Age>37</Age>
  </EmployeeModel>
  <EmployeeModel>
    <Id>4</Id>
    <Name>Nelly</Name>
    <Surname>Rooney</Surname>
    <Age>65</Age>
  </EmployeeModel>
  <EmployeeModel>
    <Id>5</Id>
    <Name>Mari</Name>
    <Surname>Morrow</Surname>
    <Age>31</Age>
  </EmployeeModel>
  <EmployeeModel>
    <Id>6</Id>
    <Name>Reema</Name>
    <Surname>York</Surname>
    <Age>76</Age>
  </EmployeeModel>
  <EmployeeModel>
    <Id>7</Id>
    <Name>Test</Name>
    <Surname>test2</Surname>
    <Age>12</Age>
  </EmployeeModel>
</EmployeeList>